﻿Designator,Footprint,Quantity,Value,LCSC Part #
AE1,SolderWire-0.5sqmm_1x01_D0.9mm_OD2.3mm,1,Coil Antenna,
BT1,18650 soldered,1,Battery_Cell,
BZ1,Buzzer_12x9.5RM7.6,1,Buzzer,
J1,Raspberry_Pi_Zero_Socketed_THT_FaceDown_MountingHoles,1,02X20 RPI GPIO,
J10,PinHeader_1x04_P2.54mm_Vertical,1,GPS UART,
J11,SMA_Samtec_SMA-J-P-X-ST-EM1_EdgeMount,1,SMA Pad,
J2,TerminalBlock_RND_205-00232_1x02_P5.08mm_Horizontal,1,Charger port,
J4,PinHeader_1x04_P2.54mm_Vertical,1,L80 UART,
J5,PinHeader_1x06_P2.54mm_Vertical,1,BME280,
J6,PinHeader_1x03_P2.54mm_Vertical,1,Power,
J7,PinHeader_1x05_P2.54mm_Vertical,1,SPI CE0,
J8,PinHeader_1x04_P2.54mm_Vertical,1,I2C Expansion,
J9,U.FL_Molex_MCRF_73412-0110_Vertical,1,U.FL Conn,
JP1,SolderJumper-2_P1.3mm_Bridged2Bar_RoundedPad1.0x1.5mm,1,+B BMS,
JP2,SolderJumper-2_P1.3mm_Bridged2Bar_RoundedPad1.0x1.5mm,1,-B BMS,
JP3,SolderJumper-2_P1.3mm_Open_RoundedPad1.0x1.5mm,1,-B BMS Bypass,
JP4,SolderJumper-2_P1.3mm_Open_RoundedPad1.0x1.5mm,1,B+ BMS Bypass,
JP5,PinHeader_1x02_P2.54mm_Vertical,1,-B Jumper,
JP6,SolderJumper-2_P1.3mm_Bridged2Bar_RoundedPad1.0x1.5mm,1,I2C 0x77,
JP7,SolderJumper-2_P1.3mm_Open_RoundedPad1.0x1.5mm,1,ANT-GND,
JP8,SolderJumper-2_P1.3mm_Open_RoundedPad1.0x1.5mm,1,SJ-ANT,
JP9,SolderJumper-2_P1.3mm_Bridged2Bar_RoundedPad1.0x1.5mm,1,RFM PWR_Bridged,
Q1,SOT-23_Handsoldering,1,MMBT3904,
R1,1206,1,1K,
SW1,SPDT Limit Micro-switch 12.8 mm,1,SW (RBF Pin),
"SW2, SW3",SW_SPST_TL3342,2,SW_Push,
U1,1S BMS,1,~,
U2,Generic Step-up module,1,Generic_Step-Up_board,
U3,HOPERF_RFM9XW_SMD,1,RFM95W-915S2,
U4,GY-91 IMU,1,GY-91_(MPU9250_&_BMP280),
